Date,Average Viewers,Follows,Minutes Streamed,Minutes Watched,Live Views,Max Viewers,Unique Viewers,Engaged Viewers,Hosts and Raids Viewers (%),Chatters,Chat Messages,Clips Created,Clip Views,Featured Clip Views,Unfeatured Clip Views,Ad Breaks (Minutes),Ad Time (Seconds) Per Hour,Sub Revenue,Prime Revenue,Gifted Subs Revenue,Bits Revenue,Ad Revenue,Turbo Revenue,Game Sales Revenue,Extensions Revenue,Bounties Revenue,Other Bits Interactions Revenue,New Engaged Viewers,Returning Engaged Viewers,Prime Subs,Total Paid Subs,Tier 1 subs,Tier 2 subs,Tier 3 subs,Total Gifted Subs,Gifted Tier 1 subs,Gifted Tier 2 subs,Gifted Tier 3 subs,Total Multi-Month Gifted subs,Multi-Month Gifted Tier 1 subs,Multi-Month Gifted Tier 2 subs,Multi-Month Gifted Tier 3 subs
Sun Aug 23 2026,20.14,20,837,16861,1637,34,1056,120,3.21,53,1843,1,8,0,8,42,180.65,2.67,2.25,0,0,1.75,0.4,0,0,0,0,41,80,1,1,1,0,0,0,0,0,0,0,0,0,0
Mon Aug 24 2026,27.55,7,318,8788,617,47,437,83,22.66,40,998,0,11,5,6,18,203.77,0,0,2.87,0,1.95,0.6,0,0,0,0,30,53,0,0,0,0,0,1,1,0,0,0,0,0,0
Tue Aug 25 2026,0,1,0,0,0,0,0,0,0,0,0,0,2,1,1,0,0,0,0,0,0,0,0,0,0,0,0,0,0,0,0,0,0,0,0,0,0,0,0,0,0,0
Wed Aug 26 2026,0,0,0,0,0,0,0,0,0,1,1,0,0,0,0,0,0,2.85,0,0,0,0,0,0,0,0,0,0,0,0,1,1,0,0,0,0,0,0,0,0,0,0
Thu Aug 27 2026,0,0,0,0,0,0,0,0,0,1,2,0,0,0,0,0,0,0,0,0,0,0.01,0,0,0,0,0,0,0,0,0,0,0,0,0,0,0,0,0,0,0,0
Fri Aug 28 2026,17.97,8,433,7782,565,29,345,74,0,43,349,0,0,0,0,24,199.54,0,0,0,1,0.26,0.14,0,0,0,0,14,60,0,0,0,0,0,0,0,0,0,0,0,0,0
Sat Aug 29 2026,27.34,11,866,23678,1381,52,874,170,10.03,62,1834,1,7,0,8,42,174.6,0,0,0,0,1.61,0.54,0,0,0,0,61,110,0,0,0,0,0,0,0,0,0,0,0,0,0
Sun Aug 30 2026,20.07,7,629,12627,802,36,523,87,7.67,45,1742,1,14,1,22,33,188.87,0,2.25,0,0,1.33,0.71,0,0,0,0,16,71,1,0,0,0,0,0,0,0,0,0,0,0,0
Mon Aug 31 2026,28.37,5,301,8539,481,47,305,78,19.14,38,857,0,4,0,3,15,179.4,0,0,0,0.01,1.32,0.74,0,0,0,0,24,54,0,0,0,0,0,0,0,0,0,0,0,0,0
Tue Sep 01 2026,0,0,0,0,1,0,1,0,0,0,0,0,19,3,53,0,0,0,0,0,0,0.02,0,0,0,0,0,0,0,0,0,0,0,0,0,0,0,0,0,0,0,0
Wed Sep 02 2026,0,0,0,0,0,0,0,0,0,0,0,0,12,0,12,0,0,0,0,0,0,0,0,0,0,0,0,0,0,0,0,0,0,0,0,0,0,0,0,0,0,0
Thu Sep 03 2026,0,0,0,0,0,0,0,0,0,0,0,0,4,0,4,0,0,0,0,0,0,0,0,0,0,0,0,0,0,0,0,0,0,0,0,0,0,0,0,0,0,0
Fri Sep 04 2026,15.16,2,372,5640,404,26,278,46,0,39,783,0,0,0,0,21,203.23,0,0,0,0,0.03,0.05,0,0,0,0,5,41,0,0,0,0,0,0,0,0,0,0,0,0,0
Sat Sep 05 2026,19.74,10,857,16920,1043,34,642,140,10.14,63,1200,0,5,3,9,42,176.43,0,0,0,0.01,1.79,0.63,0,0,0,0,35,105,0,0,0,0,0,0,0,0,0,0,0,0,0
Sun Sep 06 2026,19.59,12,823,16125,1094,32,669,102,5.49,57,1668,0,10,2,38,42,183.72,2.87,0,0,0,2.31,0.63,0,0,0,0,19,83,0,1,1,0,0,0,0,0,0,0,0,0,0
Mon Sep 07 2026,26.76,8,693,18548,1076,58,646,147,22.87,56,1087,0,9,0,9,36,187.01,0,0,0,0,3.03,0.65,0,0,0,0,45,103,0,0,0,0,0,0,0,0,0,0,0,0,0
Tue Sep 08 2026,18.54,8,346,6414,427,26,299,49,0,28,642,0,6,3,3,18,187.28,0,0,0,0,1.13,0.55,0,0,0,0,10,39,0,0,0,0,0,0,0,0,0,0,0,0,0
Wed Sep 09 2026,0,0,0,0,0,0,0,0,0,0,0,0,2,0,2,0,0,0,0,0,0,0,0,0,0,0,0,0,0,0,0,0,0,0,0,0,0,0,0,0,0,0
Thu Sep 10 2026,0,0,0,0,0,0,0,0,0,1,19,0,1,0,1,0,0,0,0,0,0,0,0,0,0,0,0,0,0,0,0,0,0,0,0,0,0,0,0,0,0,0
Fri Sep 11 2026,19.91,3,389,7746,438,40,275,81,13.08,32,497,0,0,0,0,21,194.34,0,0,0,0,0.12,0.03,0,0,0,0,7,74,0,0,0,0,0,0,0,0,0,0,0,0,0
Sat Sep 12 2026,28.17,5,667,18789,949,56,603,154,22.17,64,981,0,2,3,16,33,178.11,2.86,0,2.87,0,1.93,0.62,0,0,0,0,47,107,0,1,1,0,0,1,1,0,0,0,0,0,0
Sun Sep 13 2026,19.5,2,776,15131,890,42,474,108,14.6,57,1210,0,1,2,15,39,180.93,0,0,10.48,0,2.46,1.03,0,0,0,0,16,93,0,0,0,0,0,5,5,0,0,0,0,0,0
Mon Sep 14 2026,23.15,2,337,7800,307,43,203,58,27.97,26,293,0,27,3,24,18,192.28,0,0,12.29,0,2.08,1.03,0,0,0,0,13,45,0,0,0,0,0,5,5,0,0,0,0,0,0
Tue Sep 15 2026,0,1,0,0,0,0,0,0,0,1,10,0,2,0,2,0,0,2.85,0,0,0,0,0,0,0,0,0,0,0,0,1,1,0,0,0,0,0,0,0,0,0,0
Wed Sep 16 2026,0,0,0,0,0,0,0,0,0,0,0,0,2,1,1,0,0,0,0,0,0,0,0,0,0,0,0,0,0,0,0,0,0,0,0,0,0,0,0,0,0,0
Thu Sep 17 2026,0,0,0,0,0,0,0,0,0,0,0,0,1,0,1,0,0,0,0,0,0,0,0,0,0,0,0,0,0,0,0,0,0,0,0,0,0,0,0,0,0,0
Fri Sep 18 2026,14.41,1,418,6023,455,26,277,61,0,26,672,0,0,0,0,21,180.86,0,0,0,0,0.1,0.04,0,0,0,0,2,59,0,0,0,0,0,0,0,0,0,0,0,0,0
Sat Sep 19 2026,19.05,7,874,16650,1218,34,660,131,7.89,58,1051,0,10,0,10,48,197.71,0,0,0,0,2.71,1.16,0,0,0,0,24,107,0,0,0,0,0,0,0,0,0,0,0,0,0
Sun Sep 20 2026,21.31,7,634,13533,946,34,535,111,0.12,47,1259,0,14,2,31,33,187.38,0,0,0,0,1.05,1.15,0,0,0,0,21,90,0,0,0,0,0,0,0,0,0,0,0,0,0
Mon Sep 21 2026,22.85,0,337,7702,486,36,325,63,18.61,27,685,0,1,0,1,16,170.92,0,0,0,1,1.44,0,0,0,0,0,11,52,0,0,0,0,0,0,0,0,0,0,0,0,0